Boeing 787,150,2011
Airbus A320,150,1988
Boeing 737,150,1980
Airbus A320,150,1988
Boeing 787,150,2011
Boeing 747,150,1970
Airbus A320,150,1988
Boeing 787,150,2011
Boeing 737,150,1980
Airbus A340,150,1990
Airbus A330,150,1991
Boeing 788,150,2009
Boeing 737,150,1980
Boeing 787,150,2011
Boeing 737,150,1980
Airbus A320,150,1988
Airbus A320,150,1988
Boeing 787,150,2011
Boeing 737,150,1980
Airbus A330,150,1991
Airbus A340,150,1990
Boeing 787,150,2011
Boeing 787,150,2011
Boeing 737,150,1980
Airbus A320,150,1988
Boeing 787,150,2011
Airbus A320,150,1988
Boeing 747,150,1970
Boeing 788,150,2009
Boeing 737,150,1980
Airbus A330,150,1991
Boeing 787,150,2011
Airbus A340,150,1990
Boeing 747,150,1970
Boeing 737,150,1980
Airbus A340,150,1990
Airbus A330,150,1991
Boeing 787,150,2011
Airbus A320,150,1988
Boeing 737,150,1980
Airbus A340,150,1990
Boeing 788,150,2009
Boeing 787,150,2011
Airbus A330,150,1991
Boeing 787,150,2011
Airbus A320,150,1988
Boeing 737,150,1980
Airbus A330,150,1991
Boeing 747,150,1970
Airbus A320,150,1988
Boeing 787,150,2011
Airbus A320,150,1988
Boeing 737,150,1980
Airbus A320,150,1988
Boeing 787,150,2011
Boeing 747,150,1970
Airbus A320,150,1988
Boeing 787,150,2011
Boeing 737,150,1980
Airbus A340,150,1990
Airbus A330,150,1991
Boeing 788,150,2009
Boeing 737,150,1980
Boeing 787,150,2011
Boeing 737,150,1980
Airbus A320,150,1988
Airbus A320,150,1988
Boeing 787,150,2011
Boeing 737,150,1980
Airbus A330,150,1991
Airbus A340,150,1990
Boeing 787,150,2011
Boeing 787,150,2011
Boeing 737,150,1980
Airbus A320,150,1988
Boeing 787,150,2011
Airbus A320,150,1988
Boeing 747,150,1970
Boeing 788,150,2009
Boeing 737,150,1980
Airbus A330,150,1991
Boeing 787,150,2011
Airbus A340,150,1990
Boeing 747,150,1970
Boeing 737,150,1980
Airbus A340,150,1990
Airbus A330,150,1991
Boeing 787,150,2011
Airbus A320,150,1988
Boeing 737,150,1980
Airbus A340,150,1990
Boeing 788,150,2009
Boeing 787,150,2011
Airbus A330,150,1991
Boeing 787,150,2011
Airbus A320,150,1988
Boeing 737,150,1980
Airbus A330,150,1991
Boeing 747,150,1970
Airbus A320,150,1988